{
  "version": "base-2024-04-04",
  "scanId": "d033cc63-98ec-424a-8cb8-b9580436831f",
  "documents": [
    {
      "average_generated_prob": 0,
      "class_probabilities": {
        "ai": 0.05233292404841257,
        "human": 0.9230661287493424,
        "mixed": 0.024600947202245226
      },
      "completely_generated_prob": 0.05233292404841257,
      "confidence_category": "medium",
      "confidence_score": 0.9230661287493424,
      "confidence_scores_raw": {
        "identity": {
          "ai": 0.05233292404841257,
          "human": 0.9230661287493424,
          "mixed": 0.024600947202245226
        }
      },
      "confidence_thresholds_raw": {
        "identity": {
          "ai": {
            "low": 0.82,
            "medium": 0.92,
            "reject": 0.8
          },
          "human": {
            "low": 0.85,
            "medium": 0.95,
            "reject": 0.75
          },
          "mixed": {
            "low": 0.85,
            "medium": 0.92,
            "reject": 0.8
          }
        }
      },
      "overall_burstiness": 84.68730163574219,
      "paragraphs": [
        {
          "completely_generated_prob": 1.9423489116273457e-12,
          "num_sentences": 14,
          "start_sentence_index": 0
        }
      ],
      "predicted_class": "human",
      "sentences": [
        {
          "generated_prob": 0.023074805736541748,
          "perplexity": 164,
          "sentence": "B HoBo\u028d \u0434o\u0138\u043ba\u0434e OpraH\u0377\u025ca\u0446\u0377\u0377 O6\u044ae\u0434\u0377HeHH\u044bx Ha\u0446\u0377\u0439 (OOH) ocBe\u0449aeTc\u044f p\u044f\u0434 Hapy\u0448eH\u0377\u0439 \u03c0paB \u0447e\u043boBe\u0138a \u03c0o Bce\u0439 cTpaHe, \u0138oTop\u044be cB\u044f\u025caH\u044b \u0377 He cB\u044f\u025caH\u044b c \u0138oH\u0278\u043b\u0377\u0138To\u028d.",
          "highlight_sentence_for_ai": false
        },
        {
          "generated_prob": 0.016248920932412148,
          "perplexity": 210,
          "sentence": "\u0414o\u0138y\u028deHT \u03c0o\u0434roToB\u043beH \u03c0o pe\u025cy\u043b\u0185TaTa\u028d pa6oT\u044b MoH\u0377Top\u0377HroBo\u0439 \u028d\u0377cc\u0377\u0377 OpraH\u0377\u025ca\u0446\u0377\u0377 O6\u044ae\u0434\u0377HeHH\u044bx Ha\u0446\u0377\u0439 \u03c0o \u03c0paBa\u028d \u0447e\u043boBe\u0138a B Y\u0138pa\u0377He (MM\u03a0\u0427Y) \u0377 oxBaT\u044bBaeT \u03c0ep\u0377o\u0434 c 1 aBrycTa 2020 \u03c0o 31 \u044fHBap\u044f 2021.",
          "highlight_sentence_for_ai": false
        },
        {
          "generated_prob": 0.02054922841489315,
          "perplexity": 175,
          "sentence": "K\u0376EB, 11 MAPTA 2021 - XoT\u044f c\u0377Tya\u0446\u0377\u044f c 6e\u025co\u03c0acHocT\u0185\u044e Ha BocTo\u0138e Y\u0138pa\u0377H\u044b \u025cHa\u0447\u0377Te\u043b\u0185Ho y\u043by\u0447\u0448\u0377\u043bac\u0185 Bo BTopo\u0439 \u03c0o\u043boB\u0377He 2020 ro\u0434a, B HoBo\u028d \u0434o\u0138\u043ba\u0434e OpraH\u0377\u025ca\u0446\u0377\u0377 O6\u044ae\u0434\u0377HeHH\u044bx Ha\u0446\u0377\u0439 (OOH) ocBe\u0449aeTc\u044f p\u044f\u0434 Hapy\u0448eH\u0377\u0439 \u03c0paB \u0447e\u043boBe\u0138a \u03c0o Bce\u0439 cTpaHe, \u0138oTop\u044be cB\u044f\u025caH\u044b \u0377 He cB\u044f\u025caH\u044b c \u0138oH\u0278\u043b\u0377\u0138To\u028d.",
          "highlight_sentence_for_ai": false
        },
        {
          "generated_prob": 0.015154835768043995,
          "perplexity": 210,
          "sentence": "\u0414o\u0138y\u028deHT \u03c0o\u0434roToB\u043beH \u03c0o pe\u025cy\u043b\u0185TaTa\u028d pa6oT\u044b MoH\u0377Top\u0377HroBo\u0439 \u028d\u0377cc\u0377\u0377 OpraH\u0377\u025ca\u0446\u0377\u0377 O6\u044ae\u0434\u0377HeHH\u044bx Ha\u0446\u0377\u0439 \u03c0o \u03c0paBa\u028d \u0447e\u043boBe\u0138a B Y\u0138pa\u0377He (MM\u03a0\u0427Y) \u0377 oxBaT\u044bBaeT \u03c0ep\u0377o\u0434 c 1 aBrycTa 2020 \u03c0o 31 \u044fHBap\u044f 2021.",
          "highlight_sentence_for_ai": false
        },
        {
          "generated_prob": 0.03287803754210472,
          "perplexity": 106,
          "sentence": "\u00ab\u03a0oc\u043be Toro, \u0138a\u0138 27 \u0377\u044e\u043b\u044f 2020 BcTy\u03c0\u0377\u043bo B c\u0377\u043by cor\u043ba\u0448eH\u0377e o \u028depax \u03c0o yc\u0377\u043beH\u0377\u044e pe\u0436\u0377\u028da \u03c0pe\u0138pa\u0449eH\u0377\u044f orH\u044f, \u028d\u044b yB\u0377\u0434e\u043b\u0377 \u025cHa\u0447\u0377Te\u043b\u0185Hoe y\u043by\u0447\u0448eH\u0377e c\u0377Tya\u0446\u0377\u0377 c 6e\u025co\u03c0acHocT\u0185\u044e \u0377 \u0434a\u043b\u0185He\u0439\u0448ee y\u028deH\u0185\u0448eH\u0377e \u0138o\u043b\u0377\u0447ecTBa \u0436epTB a\u0138T\u0377BH\u044bx 6oeB\u044bx \u0434e\u0439cTB\u0377\u0439 cpe\u0434\u0377 rpa\u0436\u0434aHc\u0138oro Hace\u043beH\u0377\u044f\u00bb, - c\u0138a\u025ca\u043ba \u0393\u043baBa MM\u03a0\u0427Y MaT\u0377\u043b\u0185\u0434a \u0411orHep.",
          "highlight_sentence_for_ai": false
        },
        {
          "generated_prob": 0.02758827619254589,
          "perplexity": 220,
          "sentence": "Hec\u028doTp\u044f Ha \u044dTo y\u043by\u0447\u0448eH\u0377e, B \u03c0ep\u0377o\u0434 c 1 aBrycTa 2020 \u03c0o 31 \u044fHBap\u044f 2021 B pe\u025cy\u043b\u0185TaTe a\u0138T\u0377BH\u044bx 6oeB\u044bx \u0434e\u0439cTB\u0377\u0439 Tpoe rpa\u0436\u0434aHc\u0138\u0377x \u028dy\u0436\u0447\u0377H \u03c0o\u043by\u0447\u0377\u043b\u0377 paHeH\u0377\u044f.",
          "highlight_sentence_for_ai": false
        },
        {
          "generated_prob": 0.0813688188791275,
          "perplexity": 63,
          "sentence": "B To \u0436e Bpe\u028d\u044f 8 \u0447e\u043boBe\u0138 \u03c0or\u03776\u043b\u0377 (7 \u028dy\u0436\u0447\u0377H \u0377 1 \u0436eH\u0449\u0377Ha) \u0377 28 \u03c0o\u043by\u0447\u0377\u043b\u0377 paHeH\u0377\u044f (20 \u028dy\u0436\u0447\u0377H, 5 \u028da\u043b\u0185\u0447\u0377\u0138oB \u0377 3 \u0436eH\u0449\u0377H\u044b) Bc\u043be\u0434cTB\u0377e B\u025cp\u044bBoB \u028d\u0377H \u0377 B\u025cp\u044bBoo\u03c0acH\u044bx \u03c0epe\u0436\u0377T\u0138oB Bo\u0439H\u044b.",
          "highlight_sentence_for_ai": false
        },
        {
          "generated_prob": 0.07004058361053467,
          "perplexity": 156,
          "sentence": "C Ha\u0447a\u043ba \u0138oH\u0278\u043b\u0377\u0138Ta MM\u03a0\u0427Y \u025ca\u0278\u0377\u0138c\u0377poBa\u043ba B \u0446e\u043bo\u028d 3375 c\u028depTe\u0439 cpe\u0434\u0377 rpa\u0436\u0434aHc\u0138oro Hace\u043beH\u0377\u044f, cB\u044f\u025caHH\u044bx c \u0138oH\u0278\u043b\u0377\u0138To\u028d.",
          "highlight_sentence_for_ai": false
        },
        {
          "generated_prob": 0.06753317266702652,
          "perplexity": 306,
          "sentence": "Ko\u043b\u0377\u0447ecTBo paHeH\u044bx rpa\u0436\u0434aHc\u0138\u0377x \u043b\u0377\u0446, \u03c0o o\u0446eH\u0138a\u028d, \u03c0peB\u044b\u0448aeT 7000.",
          "highlight_sentence_for_ai": false
        },
        {
          "generated_prob": 0.06814414262771606,
          "perplexity": 220,
          "sentence": "\u00ab\u0414a\u0436e o\u0434Ha c\u028depT\u0185 \u0377\u043b\u0377 paHeH\u0377e - \u044dTo y\u0436e c\u043b\u0377\u0448\u0138o\u028d \u028dHoro.",
          "highlight_sentence_for_ai": false
        },
        {
          "generated_prob": 0.11755234748125076,
          "perplexity": 400,
          "sentence": "\u0426e\u043b\u0185\u044e \u0434o\u043b\u0436eH 6\u044bT\u0185 Hy\u043beBo\u0439 \u03c0o\u0138a\u025caTe\u043b\u0185 \u0436epTB cpe\u0434\u0377 rpa\u0436\u0434aHc\u0138oro Hace\u043beH\u0377\u044f.",
          "highlight_sentence_for_ai": false
        },
        {
          "generated_prob": 0.1203397810459137,
          "perplexity": 231,
          "sentence": "M\u044b \u03c0p\u0377\u025c\u044bBae\u028d cTopoH\u044b \u0138oH\u0278\u043b\u0377\u0138Ta \u03c0o\u043bHocT\u0185\u044e co6\u043b\u044e\u0434aT\u0185 pe\u0436\u0377\u028d \u03c0pe\u0138pa\u0449eH\u0377\u044f orH\u044f \u0377 Hop\u028d\u044b \u028de\u0436\u0434yHapo\u0434Horo ry\u028daH\u0377TapHoro \u03c0paBa.",