{
  "version": "base-2024-04-04",
  "scanId": "82810a49-4d88-478d-a805-4e1916e03dff",
  "documents": [
    {
      "average_generated_prob": 0,
      "class_probabilities": {
        "ai": 0.0728401012170141,
        "human": 0.8991444752379805,
        "mixed": 0.028015423545005427
      },
      "completely_generated_prob": 0.0728401012170141,
      "confidence_category": "medium",
      "confidence_score": 0.8991444752379805,
      "confidence_scores_raw": {
        "identity": {
          "ai": 0.0728401012170141,
          "human": 0.8991444752379805,
          "mixed": 0.028015423545005427
        }
      },
      "confidence_thresholds_raw": {
        "identity": {
          "ai": {
            "low": 0.82,
            "medium": 0.92,
            "reject": 0.8
          },
          "human": {
            "low": 0.85,
            "medium": 0.95,
            "reject": 0.75
          },
          "mixed": {
            "low": 0.85,
            "medium": 0.92,
            "reject": 0.8
          }
        }
      },
      "overall_burstiness": 8.530159950256348,
      "paragraphs": [
        {
          "completely_generated_prob": 7.905466206762629e-10,
          "num_sentences": 11,
          "start_sentence_index": 0
        }
      ],
      "predicted_class": "human",
      "sentences": [
        {
          "generated_prob": 0.044857610017061234,
          "perplexity": 21,
          "sentence": "\u0646\u0642\u0644 \u0623\u0643\u062b\u0631 \u0645\u0646 1.1 \u0645\u0644\u0649\u0648\u0646 \u0628\u0631\u0645\u0649\u0644 \u0645\u0646 1\u0644\u0646\u0641\u0637 \u0625\u0644\u0649 1\u0644\u06461\u0642\u0644\u00f6 1\u0644\u0628\u062f\u0649\u0644\u00f6 \u060f\u0644\u0649 \u0645\u062f1\u0631 18 \u0649\u0648\u06451\u030b \u0641\u0649 1\u0644\u06331\u060f\u00f6 1\u0644\u06331\u062f\u0633\u00f6 \u0645\u06331\u06211\u030b \u06281\u0644\u062a\u0648\u0642\u0649\u062a 1\u0644\u0645\u062d\u0644\u0649\u060c \u0623\u0643\u0645\u0644\u062a 1\u0644\u0623\u0645\u0645 1\u0644\u0645\u062a\u062d\u062f\u00f6 \u0628\u0646\u062c1\u062d \u0646\u0642\u0644 1\u0644\u0646\u0641\u0637 \u0645\u0646 1\u0644\u06461\u0642\u0644\u00f6 1\u0644\u060f\u0645\u06441\u0642\u00f6 \u0644\u0644\u062e\u06321\u0646 1\u0644\u060f1\u0626\u0645 \u06351\u0641\u0631 \u0642\u06281\u0644\u00f6 \u06331\u062d\u0644 1\u0644\u0628\u062d\u0631 1\u0644\u0623\u062d\u0645\u0631 1\u0644\u0649\u0645\u0646\u0649 - \u0645\u06451 \u0645\u0646\u060f 1\u0644\u062a0\u062f\u0649\u062f 1\u0644\u062d1\u0644\u0649 \u0641\u0649 \u0648\u0642\u0648\u060f \u062a\u0633\u0631\u0628 01\u0626\u0644.",
          "highlight_sentence_for_ai": false
        },
        {
          "generated_prob": 0.03825409337878227,
          "perplexity": 36,
          "sentence": "\u06431\u0646\u062a \u06351\u0641\u0631 \u0645\u060f\u0631\u0636\u00f6 \u0644\u062e\u0637\u0631 1\u06441\u06460\u06491\u0631 \u0623\u0648 1\u06441\u0646\u0641\u062c1\u0631 \u0644\u0633\u0646\u06481\u062a \u0648 \u06431\u0646 \u0645\u0646 1\u0644\u0645\u0645\u0643\u0646 \u0623\u0646 \u0649\u0624\u062f\u0649 1\u0644\u062a\u0633\u0631\u0628 1\u0644\u0643\u0628\u0649\u0631 \u0645\u0646 1\u0644\u06461\u0642\u0644\u00f6 \u0625\u0644\u0649 \u06431\u0631\u062b\u00f6 \u0628\u0649\u0626\u0649\u00f6 \u0648\u0625\u0646\u06331\u0646\u0649\u00f6.",
          "highlight_sentence_for_ai": false
        },
        {
          "generated_prob": 0.04257528483867645,
          "perplexity": 20,
          "sentence": "\u062a\u0645 \u0636\u062e 1\u0644\u0643\u0645\u0649\u00f6 \u0645\u0646 1\u0644\u0646\u0641\u0637 \u0645\u0646 \u060f\u0644\u0649 \u0645\u062a\u0646 1\u0644\u062e\u06321\u0646 1\u0644\u060f1\u0626\u0645 \u06351\u0641\u0631 \u0625\u0644\u0649 1\u0644\u06461\u0642\u0644\u00f6 1\u0644\u0628\u062f\u0649\u0644\u00f6 \u0649\u0645\u0646 (\u0646\u0648\u062a\u0649\u06431 \u06331\u0628\u06421\u030b) \u0641\u0649 \u060f\u0645\u0644\u0649\u00f6 1\u0644\u0646\u0642\u0644 \u0645\u0646 \u06461\u0642\u0644\u00f6 \u0625\u0644\u0649 \u0623\u062e\u0631\u0649 1\u0644\u062a\u0649 \u0628\u062f\u0623\u062a \u0641\u0649 25 \u0649\u0648\u0644\u0649\u0648 \u0645\u0646 \u0628\u060f\u062f 1\u0644\u0625\u0633\u062a\u060f\u062f1\u062f1\u062a \u0644\u0644\u060f\u0645\u0644\u0649\u00f6 \u0641\u0649 1\u0644\u0645\u0648\u0642\u060f 1\u0644\u062a\u0649 \u0628\u062f\u0623\u062a \u0641\u0649 \u06451\u0649\u0648 \u0645\u0646 \u0642\u0628\u0644 \u0634\u0631\u0643\u00f6 1\u0644\u0625\u0646\u06421\u0630 1\u0644\u0628\u062d\u0631\u0649 1\u0644\u06311\u0626\u062f\u00f6 \u0633\u0645\u062a 1\u0644\u062a1\u0628\u060f\u00f6 \u0644\u0634\u0631\u0643\u00f6 \u0628\u0648\u0633\u06431\u0644\u0632.",
          "highlight_sentence_for_ai": false
        },
        {
          "generated_prob": 0.04490881413221359,
          "perplexity": 40,
          "sentence": "\u0649\u0642\u0648\u0645 \u0628\u0631\u06461\u0645\u062c 1\u0644\u0623\u0645\u0645 1\u0644\u0645\u062a\u062d\u062f\u00f6 1\u0644\u0625\u0646\u06451\u0626\u0649 \u06481\u0644\u0630\u0649 \u062a\u060f1\u0642\u062f \u0645\u060f \u0634\u0631\u0643\u00f6 \u0633\u0645\u062a \u0628\u062a\u0646\u0641\u0649\u0630 1\u0644\u060f\u0645\u0644\u0649\u00f6.",
          "highlight_sentence_for_ai": false
        },
        {
          "generated_prob": 0.06145397573709488,
          "perplexity": 27,
          "sentence": "\u062a\u0645 1\u0633\u062a\u062e\u06311\u062c \u0623\u0643\u0628\u0631 \u0642\u062f\u0631 \u0645\u0645\u0643\u0646 \u0645\u0646 1\u0644\u0640\u06401.1 \u0645\u0644\u0649\u0648\u0646 \u0628\u0631\u0645\u0649\u0644 \u0645\u0646 1\u0644\u0646\u0641\u0637.",
          "highlight_sentence_for_ai": false
        },
        {
          "generated_prob": 0.060388434678316116,
          "perplexity": 32,
          "sentence": "\u0648\u0645\u060f \u0630\u0644\u0643\u060c \u0641\u0625\u0646 \u0623\u0642\u0644 \u0645\u0646 2 \u0641\u0649 1\u0644\u06451\u0626\u00f6 \u0645\u0646 \u0643\u0645\u0649\u00f6 1\u0644\u0646\u0641\u0637 1\u0644\u0623\u0635\u0644\u0649\u00f6 \u062a\u0638\u0644 \u0645\u062e\u062a\u0644\u0637\u00f6 \u0645\u060f 1\u0644\u0631\u06481\u0633\u0628 1\u0644\u062a\u0649 \u0633\u062a\u062a\u0645 \u0625\u06321\u0644\u062a01 \u0623\u062b\u06461\u0621 1\u0644\u062a\u0646\u0638\u0649\u0641 1\u0644\u064601\u0626\u0649 \u0644\u0640\u06351\u0641\u0631.",
          "highlight_sentence_for_ai": false
        },
        {
          "generated_prob": 0.09031620621681213,
          "perplexity": 24,
          "sentence": "\u06421\u0644 1\u0644\u0623\u0645\u0649\u0646 1\u0644\u060f1\u0645 \u0644\u0644\u0623\u0645\u0645 1\u0644\u0645\u062a\u062d\u062f\u00f6 \u0623\u0646\u0637\u0648\u0646\u0649\u0648 \u063a\u0648\u062a\u0649\u0631\u0649\u0634: \"\u0623\u0631\u062d\u0628 \u06281\u0644\u0623\u062e\u06281\u0631 1\u0644\u062a\u0649 \u062a\u0641\u0649\u062f \u0628\u0623\u0646 \u0646\u0642\u0644 1\u0644\u0646\u0641\u0637 \u0645\u0646 \u060f\u0644\u0649 \u0645\u062a\u0646 1\u0644\u062e\u06321\u0646 1\u0644\u060f1\u0626\u0645 \u06351\u0641\u0631 \u0642\u062f 1\u0646\u062a0\u0649 \u0628\u0623\u06451\u0646 1\u0644\u0649\u0648\u0645.",
          "highlight_sentence_for_ai": false
        },
        {
          "generated_prob": 0.1417233943939209,
          "perplexity": 39,
          "sentence": "\u0644\u0642\u062f \u062d1\u0644\u062a 1\u0644\u060f\u0645\u0644\u0649\u00f6 1\u0644\u062a\u0649 \u062a\u0642\u0648\u062f01 1\u0644\u0623\u0645\u0645 1\u0644\u0645\u062a\u062d\u062f\u00f6 \u062f\u0648\u0646 \u0648\u0642\u0648\u060f \u06451 \u06431\u0646 \u0649\u0645\u0643\u0646 \u0623\u0646 \u0649\u0643\u0648\u0646 \u06431\u0631\u062b\u00f6 \u0628\u0649\u0626\u0649\u00f6 \u0648\u0625\u0646\u06331\u0646\u0649\u00f6 \u060f\u0644\u0649 \u0646\u06371\u0642 01\u0626\u0644\".",
          "highlight_sentence_for_ai": false
        },
        {
          "generated_prob": 0.1548309475183487,
          "perplexity": 24,