{
  "version": "base-2024-04-04",
  "scanId": "a2ea5720-92f8-44e6-98c4-17a2a0e4efea",
  "documents": [
    {
      "average_generated_prob": 0,
      "class_probabilities": {
        "ai": 0.17610403932521562,
        "human": 0.802790192118488,
        "mixed": 0.021105768556296384
      },
      "completely_generated_prob": 0.17610403932521562,
      "confidence_category": "low",
      "confidence_score": 0.802790192118488,
      "confidence_scores_raw": {
        "identity": {
          "ai": 0.17610403932521562,
          "human": 0.802790192118488,
          "mixed": 0.021105768556296384
        }
      },
      "confidence_thresholds_raw": {
        "identity": {
          "ai": {
            "low": 0.82,
            "medium": 0.92,
            "reject": 0.8
          },
          "human": {
            "low": 0.85,
            "medium": 0.95,
            "reject": 0.75
          },
          "mixed": {
            "low": 0.85,
            "medium": 0.92,
            "reject": 0.8
          }
        }
      },
      "overall_burstiness": 0,
      "paragraphs": [
        {
          "completely_generated_prob": 0.11111110864197533,
          "num_sentences": 1,
          "start_sentence_index": 0
        }
      ],
      "predicted_class": "human",
      "sentences": [
        {
          "generated_prob": 0.2820506989955902,
          "perplexity": 10.385449094203434,
          "sentence": "\u062e\u06481\u062a\u0649\u0646 \u0643\u0649 \u060f1\u0644\u0645\u0649 \u062f\u0646 \u0643\u0649 \u0645\u0648\u0642\u060f \u067e\u0631 \u0633\u0649\u0643\u0631\u0679\u0631\u0649 \u062c\u0646\u0631\u0644 \u06431 \u067e\u0649\u063a1\u0645 \u062e\u06481\u062a\u0649\u0646 \u0643\u0649 \u060f1\u0644\u0645\u0649 \u062f\u0646 \u0643\u0649 \u0645\u0648\u0642\u060f \u067e\u0631 0\u0645 \u062f\u0646\u06491 \u0643\u0649 0\u0631 \u06af\u0648\u0634\u0649 \u0645\u0649\u0649\u060c 1\u0648\u0631 \u0632\u0646\u062f\u06af\u0649 \u0643\u0649 0\u0631 \u0634\u060f\u0628\u0649 \u0645\u0649\u0649 \u062e\u06481\u062a\u0649\u0646 1\u0648\u0631 \u0644\u0691\u0643\u0649\u0648\u0649 \u0643\u0649 \u06431\u0645\u06491\u0628\u0649\u0648\u0649 \u067e\u0631 \u062e\u0648\u0634\u0649 1\u0648\u0631 \u0645\u0633\u0631\u062a \u06431 1\u063801\u0631 \u0643\u0631\u062a\u0649 0\u0649\u0649- \u0644\u0649\u0643\u0646 0\u0645 \u06490 \u06280\u0649 \u06451\u0646\u062a\u0649 0\u0649\u0649 \u06430 1\u06460\u0649\u0649 \u06441\u062a\u060f\u062f1\u062f \u0631\u06431\u0648\u0679\u0649\u0649 \u062f\u0631\u067e\u0649\u0634 0\u0649\u0649 - \u0646\u06381\u0645 \u0643\u0649 \u0648\u062c0 \u0633\u0649 0\u0648\u0646\u0649 \u06481\u0644\u0649 \u064611\u0646\u06351\u0641\u06491\u0649 0\u0648\u0649 \u06491 \u062a\u0634\u062f\u062f\u060c \u0645\u060f1\u0634\u0631\u0649 \u0645\u0649\u0649 \u0645\u062d\u0631\u0648\u0645\u0649 \u06431 1\u062d\u06331\u0633 0\u0648 \u06491 1\u067e\u0646\u0649 \u06301\u062a 1\u0648\u0631 1\u067e\u0646\u0649 \u0632\u0646\u062f\u06af\u0649 \u0633\u0649 \u0645\u062a\u060f\u0644\u0642 \u062d\u0642\u0648\u0642 \u0633\u0649 \u0645\u062d\u0631\u0648\u0645\u0649\u060c \u0645\u0634\u0643\u06441\u062a \u062f\u0631 \u0645\u0634\u0643\u06441\u062a \u06431 1\u0649\u0643 \u0633\u0644\u0633\u06440 0\u0649\u062c\u0648 \u062e\u06481\u062a\u0649\u0646 1\u0648\u0631 \u0644\u0691\u0643\u0649\u0648\u0649 \u0643\u0648 \u0633\u0628 \u0633\u0649 \u067e0\u0644\u0649 1\u0648\u0631 \u0633\u0628 \u0633\u0649 \u0632\u06491\u062f0 1\u067e\u0646\u0649 \u0644\u067e\u0649\u0679 \u0645\u0649\u0649 \u0644\u0649\u062a1 0\u0649- \u062e\u06481\u062a\u0649\u0646 0\u0648\u0649 \u06491 \u0644\u0691\u0643\u06491\u0649\u060c \u0645\u0631\u062f 0\u0648\u0649 \u06491 \u0644\u0691\u0643\u0649\u060c \u0635\u0646\u0641\u0649 1\u0645\u062a\u06491\u0632 \u0648 \u062a\u0641\u0631\u0649\u0642 0\u0631 \u0641\u0631\u062f \u0643\u0648 \u0646\u0642\u06351\u0646 \u067e0\u0646\u06861\u062a1 0\u0649- \u062e\u06481\u062a\u0649\u0646 \u06431 \u060f1\u0644\u0645\u0649 \u062f\u0646 \u062f\u06311\u0635\u0644 \u0645\u0649\u062f1\u0646\u0317 \u060f\u0645\u0644 \u0645\u0649\u0649 1\u062a\u0631\u0646\u0649 \u06431 \u062f\u0646 0\u0649\u2026 1\u0313\u0646 \u062e\u06481\u062a\u0649\u0646 \u06431 \u06331\u062a0 \u062f\u0649\u0646\u0649 \u0643\u0649 \u0644\u0626\u0649\u060c \u062c\u0648 1\u067e\u06461 \u0633\u0628 \u0643\u06860 \u0642\u0631\u06281\u0646 \u0643\u0631 \u0643\u0649 1\u067e\u0646\u0649 \u0628\u0646\u06491\u062f\u0649 \u062d\u0642\u0648\u0642 \u06431 \u0645\u06371\u0644\u06280 \u0643\u0631 \u06310\u0649 0\u0649\u0649\u2026 \u062c\u0646\u0633\u0649 1\u0633\u062a\u062d\u06351\u0644\u060c \u0628\u062f\u0633\u0644\u0648\u0643\u0649 1\u0648\u0631 \u0632\u06491\u062f\u062a\u0649 \u0633\u0649 \u062a\u062d\u0641\u0638 \u0643\u0648 \u0645\u0636\u0628\u0648\u0637 \u0633\u0649 \u0645\u0636\u0628\u0648\u0637 \u062a\u0631 \u0628\u06461\u0646\u0649 \u0632\u0646\u062f\u06af\u0649 \u0643\u0649 0\u0631 \u0634\u060f\u0628\u0649 \u0645\u0649\u0649 \u062e\u06481\u062a\u0649\u0646 \u0643\u0649 \u06280\u0631\u067e\u0648\u0631 \u0634\u0645\u0648\u0644\u0649\u062a \u0649\u0642\u0649\u0646\u0649 \u0628\u06461\u0646\u0649 1\u0648\u0631 1\u06460\u0649\u0649 \u0642\u06491\u062f\u062a \u0643\u0649 \u0645\u0646\u0635\u0628 \u062a\u0643 \u06441\u0646\u0649 \u0643\u0649 \u0644\u0626\u0649 \u0645\u0649\u062f1\u0646\u0317 \u060f\u0645\u0644 \u0645\u0649\u0649 1\u062a\u0631\u0646\u0649 \u06431 \u062f\u0646- \u0631\u06481\u0649 \u06331\u0644 \u062e\u06481\u062a\u0649\u0646 \u0643\u0649 \u060f1\u0644\u0645\u0649 \u062f\u0646 \u0643\u0649 \u0645\u0631\u0643\u0632\u0649 \u067e\u0649\u063a1\u0645 \u0645\u0649\u0649 \u0635\u0646\u0641\u0649 \u0628\u06311\u0628\u0631\u0649 \u0643\u0649 \u062a\u062d\u0631\u0649\u0643 \u0643\u0648 \u0622\u06af\u0649 \u0628\u069101\u0646\u0649 \u0643\u0649 \u0644\u0626\u0649 \u0679\u0649\u0643\u06461\u0644\u0648\u062c\u0649 1\u0648\u0631 \u062c\u062f\u062a \u0633\u0649 \u06431\u0645 \u0644\u0649\u0646\u0649 \u0643\u0649 \u0636\u0631\u0648\u0631\u062a \u067e\u0631 \u0632\u0648\u0631 \u062f\u06491 \u06af\u06491 0\u0649- \u0679\u0649\u0643\u06461\u0644\u0648\u062c\u0649 \u0643\u0649 \u0628\u062f\u0648\u0644\u062a \u062e\u06481\u062a\u0649\u0646 1\u0648\u0631 \u0644\u0691\u0643\u0649\u0648\u0649 \u0643\u0649 \u0644\u0626\u0649 \u062a\u060f\u0644\u0649\u0645 1\u0648\u0631 \u0645\u06481\u0642\u060f \u0643\u0649 1\u0646 \u06af\u0646\u062a \u063110\u0649\u0649 \u06430\u0644 \u0633\u0643\u062a\u0649 0\u0649\u0649- \u0644\u0649\u0643\u0646 \u062f\u0648\u0633\u0631\u0649 \u062c1\u0646\u0628 1\u0633\u0649 \u0628\u062f\u0633\u0644\u0648\u0643\u0649 1\u0648\u0631 \u0646\u0641\u0631\u062a \u067e0\u0649\u06441\u0646\u0649 \u0643\u0649 \u0644\u0626\u0649 \u06280\u0649 1\u0633\u062a\u060f\u06451\u0644 \u0643\u06491 \u062c1 \u0633\u0643\u062a1 0\u0649- \u0622\u062c \u0643\u0649 \u062f\u0648\u0631 \u0645\u0649\u0649 \u06331\u0626\u0646\u0633\u060c \u0679\u0649\u0643\u06461\u0644\u0648\u062c\u0649\u060c 1\u0646\u062c\u0649\u0646\u0626\u0631\u0646\u06af 1\u0648\u0631 \u0631\u06491\u0636\u0649 \u0643\u0649 \u0634\u060f\u0628\u0648\u0649 \u0633\u0649 \u06481\u0628\u0633\u062a0 1\u0641\u06311\u062f \u0645\u0649\u0649 \u062e\u06481\u062a\u0649\u0646 \u06431 \u062a\u06461\u0633\u0628 1\u0649\u0643 \u062a01\u0626\u0649 \u0633\u0649 \u06280\u0649 \u0643\u0645 0\u0649- \u0646\u0626\u0649 \u0679\u0649\u0643\u06461\u0644\u0648\u062c\u0649\u0632 \u0643\u0649 \u062f\u0631\u06491\u0641\u062a 1\u0648\u0631 \u062a\u0631\u0642\u0649 \u0645\u0649\u0649 \u062c\u0628 \u062e\u06481\u062a\u0649\u0646 \u0643\u0649 \u0646\u06451\u0626\u0646\u062f\u06af\u0649 \u0643\u0645 0\u0648",
          "highlight_sentence_for_ai": false
        }
      ],
      "writing_stats": {},
      "result_message": "Our detector is highly uncertain about this document. The writing style and content are not particularly AI-like.",
      "result_sub_message": "",
      "document_classification": "HUMAN_ONLY",
      "version": "2024-01-09",
      "language": "en"
    }
  ],
  "editorDocumentId": null,