{
  "version": "base-2024-04-04",
  "scanId": "59e7dd23-2bdc-4660-b89a-aba580d6e5ba",
  "documents": [
    {
      "average_generated_prob": 0,
      "class_probabilities": {
        "ai": 0.05233292404841257,
        "human": 0.9230661287493424,
        "mixed": 0.024600947202245226
      },
      "completely_generated_prob": 0.05233292404841257,
      "confidence_category": "medium",
      "confidence_score": 0.9230661287493424,
      "confidence_scores_raw": {
        "identity": {
          "ai": 0.05233292404841257,
          "human": 0.9230661287493424,
          "mixed": 0.024600947202245226
        }
      },
      "confidence_thresholds_raw": {
        "identity": {
          "ai": {
            "low": 0.82,
            "medium": 0.92,
            "reject": 0.8
          },
          "human": {
            "low": 0.85,
            "medium": 0.95,
            "reject": 0.75
          },
          "mixed": {
            "low": 0.85,
            "medium": 0.92,
            "reject": 0.8
          }
        }
      },
      "overall_burstiness": 4.347413063049316,
      "paragraphs": [
        {
          "completely_generated_prob": 5.780250996179124e-09,
          "num_sentences": 10,
          "start_sentence_index": 0
        }
      ],
      "predicted_class": "human",
      "sentences": [
        {
          "generated_prob": 0.051336366683244705,
          "perplexity": 29,
          "sentence": "\u0635\u0646\u060f1\u0621 \u060c 8 \u0633\u0628\u062a\u0645\u0628\u0631 2021 - \u0631\u062d\u0628 \u0635\u0646\u062f\u0648\u0642 1\u0623\u0644\u0645\u0645 1\u0644\u0645\u062a\u062d\u062f\u00f6 \u0644\u0644\u0633\u06431\u0646 \u06281\u0644\u0645\u063310\u0645\u00f6 1\u0644\u0633\u062e\u0649\u00f6 1\u0644\u06281\u0644\u063a\u00f6 3.1 \u0645\u0644\u0649\u0648\u0646 \u062f\u06481\u0644\u0631 \u0623\u0645\u0631\u0649\u0643\u0649 \u0644\u0645\u06331\u060f\u062f\u00f6 1\u0644\u0646\u06331\u0621 \u06481\u0644\u0641\u062a\u06491\u062a 1\u0623\u0644\u0643\u062b\u0631 \u0636\u060f\u06411\u030b 1\u0644\u0645\u0642\u062f\u0645\u00f6 \u0645\u0646 \u0635\u0646\u062f\u0648\u0642 1\u0644\u062a\u0645\u0648\u0649\u0644 1\u0625\u0644\u0646\u06331\u0646\u0649 \u0641\u0649 1\u0644\u0649\u0645\u0646 \u0628\u062e\u062f\u06451\u062a 1\u0644\u062d\u06451\u0649\u00f6 1\u0644\u0645\u0646\u0642\u0630\u00f6 \u0644\u0644\u062d\u06491\u00f6.",
          "highlight_sentence_for_ai": false
        },
        {
          "generated_prob": 0.052607521414756775,
          "perplexity": 28,
          "sentence": "\u0645\u0646 \u0634\u0623\u0646 0\u06300 1\u0644\u0645\u0646\u062d\u00f6 \u0623\u0646 \u062a\u06331\u060f\u062f \u0635\u0646\u062f\u0648\u0642 1\u0623\u0644\u0645\u0645 1\u0644\u0645\u062a\u062d\u062f\u00f6 \u0644\u0644\u0633\u06431\u0646 \u060f\u0644\u0649 \u0645\u06481\u0635\u0644\u00f6 \u062c0\u0648\u062f0 \u0641\u0649 \u062f\u060f\u0645 \u0633\u0628\u060f \u0645\u06331\u062d1\u062a \u0622\u0645\u0646\u00f6 \u0644\u0644\u0646\u06331\u0621 \u06481\u0644\u0641\u062a\u06491\u062a \u0648\u0645\u0623\u0648\u0649 \u0622\u0645\u0646 \u06481\u062d\u062f \u0641\u0649 \u0643\u0644 \u0645\u0646 \u0645\u062d1\u0641\u06381\u062a 1\u0644\u06361\u0644\u060f \u0648\u0645\u0623\u0631\u0628 \u0648\u0634\u0628\u0648\u00f6 \u060c \u062d\u0649\u062b \u062a\u0643\u0648\u0646 1\u062d\u062a\u06491\u062c1\u062a 1\u0644\u062d\u06451\u0649\u00f6 \u0644\u0644\u0646\u06331\u0621 0\u06461\u0643 \u0641\u0649 \u0623\u0634\u062f01.",
          "highlight_sentence_for_ai": false
        },
        {
          "generated_prob": 0.09539171308279037,
          "perplexity": 23,
          "sentence": "\u060f\u0644\u0649 \u0645\u062f\u0649 \u062b\u06451\u0646\u0649\u00f6 \u0623\u06340\u0631 \u0633\u0649\u0645\u0643\u0646 0\u06301 1\u0644\u062f\u060f\u0645 \u0623\u0643\u062b\u0631 \u0645\u0646 000.40 1\u0645\u0631\u0623\u00f6 \u0648\u0641\u062a1\u00f6 \u0645\u0646 1\u0644\u0648\u0635\u0648\u0644 \u0625\u0644\u0649 \u0645\u062c\u0645\u0648\u060f\u00f6 \u0645\u0646 \u062e\u062f\u06451\u062a 1\u0644\u062d\u06451\u0649\u00f6 \u062a\u0634\u0645\u0644 0\u06300 1\u0644\u062e\u062f\u06451\u062a 1\u0644\u062f\u060f\u0645 1\u0644\u0646\u0641\u0633\u0649 \u064811\u0644\u062c\u062a\u06451\u060f\u0649 \u06481\u0644\u0631\u060f1\u0649\u00f6 1\u0644\u0637\u0628\u0649\u00f6 \u06481\u0644\u0645\u06331\u060f\u062f\u00f6 1\u0644\u06421\u0646\u0648\u0646\u0649\u00f6 \u06481\u0644\u062a\u0645\u0643\u0649\u0646 11\u0644 \u0642\u062a\u06351\u062f\u0649 \u06481\u0644\u062d\u0635\u0648\u0644 \u060f\u0644\u0649 1\u0644\u0645\u0623\u0648\u0649 \u06481\u0644\u0633\u0643\u0646.",
          "highlight_sentence_for_ai": false
        },
        {
          "generated_prob": 0.11426860839128494,
          "perplexity": 30,
          "sentence": "\u06451 \u0649\u0642\u062f\u0631 1.6 \u0645\u0644\u0649\u0648\u0646: \" \u0625\u0646 \u0641\u0649 1\u0644\u0633\u06491\u0642 \u0635\u0631\u062d \u0646\u0633\u062a\u0648\u0631 \u0623\u0648\u0645\u064801\u0646\u062c\u0649 \u060c \u0645\u0645\u062b\u0644 \u0635\u0646\u062f\u0648\u0642 1\u0623\u0644\u0645\u0645 1\u0644\u0645\u062a\u062d\u062f\u00f6 \u0644\u0644\u0633\u06431\u0646 \u0641\u0649 1\u0644\u0649\u0645\u0646\u060c \u06421\u06261\u0644\u030b 1\u0645\u0631\u0623\u00f6 \u0649\u0645\u0646\u0649\u00f6 \u0628\u062d1\u062c\u00f6 \u0645\u0644\u062d\u00f6 \u0625\u0644\u0649 \u062e\u062f\u06451\u062a 1\u0644\u062d\u06451\u0649\u00f6 \u0648\u0645\u0646 1\u0644\u0636\u0631\u0648\u0631\u0649 \u06231\u0644 \u062a\u0643\u0648\u0646 1\u0644\u062e\u062f\u06451\u062a 1\u0623\u0644\u06331\u0633\u0649\u00f6 \u0644\u0644\u0646\u06331\u0621 \u06481\u0644\u0641\u062a\u06491\u062a \u0645\u0633\u062a\u062f1\u0645\u00f6 \u0641\u062d\u0633\u0628 \u060c \u0628\u0644 \u0648\u0649\u062c\u0628 \u062a\u0648\u0633\u0649\u060f \u0646\u06371\u064201 \u0623\u0649 \u030b\u06361.",
          "highlight_sentence_for_ai": false
        },
        {
          "generated_prob": 0.1545010507106781,
          "perplexity": 33,
          "sentence": "\u0646\u062d\u0646 \u0645\u0645\u062a\u0646\u0648\u0646 \u06440\u06300 1\u0644\u0645\u063310\u0645\u00f6 1\u0644\u0633\u062e\u0649\u00f6 \u0641\u0649 0\u06301 1\u0644\u0648\u0642\u062a 1\u0644\u062d\u06331\u0633 \u06481\u0644\u0645\u06461\u0633\u0628 \u062d\u0649\u062b 1\u0644 \u062a\u06321\u0644 \u0628\u06311\u0645\u062c \u062d\u06451\u0649\u00f6 1\u0644\u0645\u0631\u0623\u00f6 \u0641\u0649 1\u0644\u0649\u0645\u0646 \u062a\u060f1\u0646\u0649 \u0645\u0646 \u0634\u062d \u0641\u0649 1\u0644\u062a\u0645\u0648\u0649\u0644.\"",
          "highlight_sentence_for_ai": false
        },
        {
          "generated_prob": 0.13576361536979675,
          "perplexity": 33,
          "sentence": "\u0648\u062c\u062f\u0649\u0631 \u06281\u0644\u0630\u0643\u0631 \u0623\u0646 \u0635\u0646\u062f\u0648\u0642 1\u0623\u0644\u0645\u0645 1\u0644\u0645\u062a\u062d\u062f\u00f6 \u0644\u0644\u0633\u06431\u0646 \u0649\u0642\u0648\u0645 \u0628\u062a\u0646\u0633\u0649\u0642 \u0648\u062a\u0648\u0641\u0649\u0631 \u062e\u062f\u06451\u062a \u062d\u06451\u0649\u00f6 1\u0644\u0645\u0631\u0623\u00f6 \u0641\u0649 \u062c\u0645\u0649\u060f \u0623\u0646\u062d1\u0621 1\u0644\u06281\u0644\u062f.",
          "highlight_sentence_for_ai": false
        },
        {
          "generated_prob": 0.046603552997112274,
          "perplexity": 38,
          "sentence": "\u0643\u06451 \u0649\u0642\u0648\u0645 \u062811\u0644 \u0633\u062a\u062c1\u0628\u00f6 \u0644\u0644\u0648\u0636\u060f 1\u0625\u0644\u0646\u06331\u0646\u0649 \u0641\u0649 1\u0644\u0649\u0645\u0646 \u060f\u0628\u0631 \u062a\u0644\u0628\u0649\u00f6 1 1\u0644 \u062d\u062a\u06491\u062c1\u062a 1\u0644\u0645\u062a\u060f\u0644\u0642\u00f6 \u06281\u0644\u0635\u062d\u00f6 1\u0625\u0644\u0646\u062c1\u0628\u0649\u00f6 \u0644\u0644\u0646\u06331\u0621 \u06481\u0644\u0641\u062a\u06491\u062a.",
          "highlight_sentence_for_ai": false
        },
        {
          "generated_prob": 0.04072786867618561,
          "perplexity": 33,