{
  "version": "base-2024-04-04",
  "scanId": "36dc0f44-a391-4611-b0e0-bb6123551869",
  "documents": [
    {
      "average_generated_prob": 0,
      "class_probabilities": {
        "ai": 0.09831755016394624,
        "human": 0.8728680063335716,
        "mixed": 0.02881444350248208
      },
      "completely_generated_prob": 0.09831755016394624,
      "confidence_category": "medium",
      "confidence_score": 0.8728680063335716,
      "confidence_scores_raw": {
        "identity": {
          "ai": 0.09831755016394624,
          "human": 0.8728680063335716,
          "mixed": 0.02881444350248208
        }
      },
      "confidence_thresholds_raw": {
        "identity": {
          "ai": {
            "low": 0.82,
            "medium": 0.92,
            "reject": 0.8
          },
          "human": {
            "low": 0.85,
            "medium": 0.95,
            "reject": 0.75
          },
          "mixed": {
            "low": 0.85,
            "medium": 0.92,
            "reject": 0.8
          }
        }
      },
      "overall_burstiness": 54.02931213378906,
      "paragraphs": [
        {
          "completely_generated_prob": 5.780250996179124e-09,
          "num_sentences": 10,
          "start_sentence_index": 0
        }
      ],
      "predicted_class": "human",
      "sentences": [
        {
          "generated_prob": 0.028573784977197647,
          "perplexity": 65,
          "sentence": "YH\u0434\u044dcH\u0377\u0439 \u044dpx \u0447\u04e9\u043b\u04e9\u04e9r\u04e9\u04e9 o\u043b\u0436, Tycraap TorTHo\u043boo \u028daH\u0434yy\u043bcaH \u0434\u044d\u043bx\u0377\u0439H o\u043boH y\u043bc\u044bH H\u044dr\u044dH a\u0434\u0377\u043b MoHro\u043b Y\u043bc 6\u0377e \u0434aacaH 6a\u0439\u0434\u043baa \u0434\u044d\u043bx\u0377\u0439 \u0434ax\u0377H\u0434 TyHxar\u043baH \u025cap\u043ba\u0436, 6yca\u0434 y\u043bc rypHyy\u0434\u044d\u044dp xy\u043b\u044d\u044dH \u025c\u04e9B\u0448\u04e9\u04e9pyy\u043b\u044dx\u0377\u0439H T\u04e9\u043b\u04e9\u04e9 o\u043boH \u0436\u0377\u043b\u0377\u0439H Typ\u0448\u0377\u0434 \u0448apryy T\u044d\u028d\u0446c\u044dH TyyxT\u044d\u0439.",
          "highlight_sentence_for_ai": false
        },
        {
          "generated_prob": 0.012927518226206303,
          "perplexity": 142,
          "sentence": "\u0411yr\u0434 Ha\u0439pa\u028d\u0434ax MoHro\u043b Ap\u0434 Y\u043bc (\u0411HMAY) H\u044dr\u0434c\u044dH YH\u0434\u044dcTH\u0377\u0439 \u0411a\u0439ryy\u043b\u043bara (HY\u0411)-\u0434 \u044d\u043bc\u044dx\u0377\u0439H T\u04e9\u043b\u04e9\u04e9 1946 oHooc 1961 oH\u044b xoopoH\u0434 H\u0377\u0439T 5 y\u0434aa \u04e9pr\u04e9\u0434\u04e9\u043b rapra\u0436, HY\u0411-\u044bH A\u044ey\u043bry\u0439H 3\u04e9B\u043b\u04e9\u043b\u0377\u0439H 13 y\u0434aar\u0377\u0439H xypa\u043b\u0434aaHaap x\u044d\u043b\u044d\u043b\u0446yy\u043bc\u044dH.",
          "highlight_sentence_for_ai": false
        },
        {
          "generated_prob": 0.012629491277039051,
          "perplexity": 149,
          "sentence": "MoHro\u043b Y\u043bc 1961 oH\u044b 10 \u0434yraap cap\u044bH 27-H\u0434 HY\u0411-\u0434 \u044d\u043bcc\u044dH\u044d\u044dp ye ye\u0377\u0439H \u044dpx opoH\u0447\u0434\u044bH xyc\u044d\u043b \u028d\u04e9p\u04e9\u04e9\u0434\u04e9\u043b, T\u044d\u028d\u0446\u044d\u043b 6\u0377e\u043b\u043b\u044d\u044d o\u043bcoH 6\u0377\u043b\u044d\u044d.",
          "highlight_sentence_for_ai": false
        },
        {
          "generated_prob": 0.013336926698684692,
          "perplexity": 136,
          "sentence": "MoHro\u043b Y\u043bc HY\u0411-\u0434 xyy\u043b\u0185 \u0451cH\u044b \u044dpx\u044d\u044d xy\u043b\u044d\u044dH \u025c\u04e9B\u0448\u04e9\u04e9pyy\u043b\u0436 Tyc 6a\u0439ryy\u043b\u043bar\u044bH 6yp\u044dH \u044dpxT r\u0377\u0448yyH 6o\u043bcoH H\u0185 Tyypra Tycraap y\u043bc r\u044d\u0434r\u044d\u044d \u0434\u044d\u043bx\u0377\u0439H TyB\u0448\u0377H\u0434 TyHxar\u043baH \u025cap\u043bax \u0447yxa\u043b a\u0447 xo\u043b6or\u0434o\u043bTo\u0439 6a\u0439\u043baa.",
          "highlight_sentence_for_ai": false
        },
        {
          "generated_prob": 0.02718736231327057,
          "perplexity": 85,
          "sentence": "2021 oH\u0434 MoHro\u043b Y\u043bc HY\u0411-\u0434 \u044d\u043bcc\u044dH Tyyx\u044dH y\u0439\u043b \u044fB\u0434\u043b\u044bH 60 \u0436\u0377\u043b\u0377\u0439H T\u044dr\u0448 o\u0439 Tox\u0377o\u0436 6a\u0439raaTa\u0439 xo\u043b6or\u0434yy\u043baH xyyx\u044d\u0434, \u025ca\u043byy\u0447yy\u0434\u044bH \u0434yH\u0434 \u201cMoHro\u043b Y\u043bc 6a HY\u0411\u201d rap \u025cypr\u0377\u0439H 6o\u043boH \u025cox\u0377oH 6\u0377\u0447\u043b\u044dr\u0377\u0439H ypa\u043b\u0434aaH\u044br \u0446ax\u0377\u028d x\u044d\u043b6\u044dp\u044d\u044dp \u025cox\u0377oH 6a\u0439ryy\u043b\u0436 6a\u0439Ha.",
          "highlight_sentence_for_ai": false
        },
        {
          "generated_prob": 0.04131024703383446,
          "perplexity": 152,
          "sentence": "YH\u0434\u044dcH\u0377\u0439 \u044dpx \u0447\u04e9\u043b\u04e9\u04e9, Tycraap TorTHo\u043b, MoHro\u043b y\u043bc HY\u0411-\u0434 \u044d\u043bcc\u044dH Tyyx\u044dH \u0447yxa\u043b y\u0439\u043b \u044fB\u0434\u043b\u044bH a\u0447 xo\u043b6or\u0434\u043b\u044br xyyx\u044d\u0434, \u025ca\u043byy\u0447yy\u0434a\u0434 o\u0439\u043bryy\u043bax, cypTa\u043b\u0447\u043baH TaH\u0377y\u043baxa\u0434 \u044dH\u044dxyy ypa\u043b\u0434aaH\u044b \u025cop\u0377\u043bro op\u0448\u0377Ho.",
          "highlight_sentence_for_ai": false
        },
        {
          "generated_prob": 0.021572202444076538,
          "perplexity": 189,
          "sentence": "3ox\u0377oH 6\u0377\u0447\u043b\u044dr 6o\u043boH rap \u025cypr\u0377\u0439H ypa\u043b\u0434aaH\u0434 opo\u043b\u0446ox \u04e9cB\u04e9p ye, \u025ca\u043byy\u0447yy\u0434\u044bH 6yT\u044d\u044d\u043byy\u0434\u0377\u0439r 2021 oH\u044b 9 \u0434yr\u044d\u044dp cap\u044bH 7-H\u044b \u04e9\u0434p\u0377\u0439H 17:30 \u0446ar xypT\u044d\u043b un60@unfpa.org.mn xa\u044fraap 6ypTr\u044dH\u044d.",
          "highlight_sentence_for_ai": false
        },
        {
          "generated_prob": 0.020830705761909485,
          "perplexity": 123,
          "sentence": "(\u0245aB\u043bax yTac:99984729) Ypa\u043b\u0434aaH\u044b \u0434yHr 2021 oH\u044b 9 \u0434yr\u044d\u044dp 17-H\u044b \u04e9\u0434\u04e9p \u025cap\u043ba\u0436, \u0448a\u043brapcaH 6yT\u044d\u044d\u043byy\u0434\u0377\u0439r \u0393a\u0434aa\u0434 Xap\u0377\u043b\u0446aaH\u044b \u042fa\u028d (\u0393X\u042f), MoHro\u043b Y\u043bca\u0434 cyyraa HY\u0411-\u044bH Cyyp\u0377H \u025cox\u0377\u0446yy\u043bar\u0447\u0377\u0439H ra\u025cap 6o\u043boH HY\u0411-\u044bH XyH a\u028d\u044bH caHr\u0377\u0439H a\u043b6aH\u044b \u0446ax\u0377\u028d xyy\u0434ac (http://www.mfa.gov.mn, mongolia.un.org, mongolia.unfpa.org)-aap o\u043boH H\u0377\u0439T\u044d\u0434 \u028d\u044d\u0434\u044d\u044d\u043bH\u044d.",
          "highlight_sentence_for_ai": false
        },
        {
          "generated_prob": 0.05508362874388695,
          "perplexity": 81,
          "sentence": "\u0393ap \u025cypar, \u025cox\u0377oH 6\u0377\u0447\u043b\u044dr\u0377\u0439H ypa\u043b\u0434aaHaac \u0448a\u043brapcaH 6yT\u044d\u044d\u043byy\u0434\u0377\u0439H Ta\u043baap Te\u043be/B\u0377\u0434eo H\u044dBTpyy\u043b\u044dr 6\u044d\u043bTr\u044dH 6ap\u0377\u028dT\u0436yy\u043b\u0436, 6yT\u044d\u044d\u043b\u0377\u0439r o\u043boH H\u0377\u0439T\u0377\u0439H cy\u043b\u0436\u044d\u044dr\u044d\u044dp \u0446a\u0446Ha.",
          "highlight_sentence_for_ai": false
        },
        {
          "generated_prob": 0.6191745400428772,
          "perplexity": 3,